Name,Category,Picture Url,Link
Yankee Candle,Popular,https://m.media-amazon.com/images/I/71z2PlQB88L._AC_SX679_.jpg,https://amzn.to/3p3J1Pj
Yeti Tumblers,Popular,https://cdn11.bigcommerce.com/s-6rtev5owwo/images/stencil/500x659/products/233033/180686/yeti-20__09843.1558338420.jpg?c=2,https://amzn.to/3dh46TC
AirPods Pro,Popular,https://m.media-amazon.com/images/I/71bhWgQK-cL._AC_SX679_.jpg,https://amzn.to/3SCu9F9
DIY Kit for Homemade Whisky Flavor,Popular,https://m.media-amazon.com/images/I/81toZVZm+6L._AC_SL1500_.jpg,https://amzn.to/3zVeyrM
Facial Beauty Roller Skin Care Tools,Popular,https://m.media-amazon.com/images/I/61pew7OeBXL._SL1100_.jpg,https://amzn.to/3bVDPdq
15 Pieces Kitchen Knife Sets with Built-in Sharpener,Popular,https://m.media-amazon.com/images/I/7175ph1caRL._AC_SL1500_.jpg,https://amzn.to/3Ppztcf
Digital to Analog Polaroid Photo Printer,Popular,https://m.media-amazon.com/images/I/71VGIuER14L._AC_SL1500_.jpg,https://amzn.to/3JUPBkX
Deep Tissue Muscle Massager,Popular,https://m.media-amazon.com/images/I/71451kN1OXL._AC_SL1500_.jpg,https://amzn.to/3w5Hmwt
Ninja AF101 Air Fryer,Popular,https://m.media-amazon.com/images/I/71+8uTMDRFL._AC_SL1500_.jpg,https://amzn.to/3AigIDc
Satin Pillow Cases,Popular,https://m.media-amazon.com/images/I/71zJ2OOs1rL._AC_SL1500_.jpg,https://amzn.to/3AlIoab
Keurig K-Mini Plus Coffee Maker,Popular,https://m.media-amazon.com/images/I/71mxNB9W3qL._AC_SL1500_.jpg,https://amzn.to/3AlDES1
"Wireless Charger Stand, CIYOYO 3 in 1 Fast Wireless",Popular,https://m.media-amazon.com/images/I/610tXrWYlnL._AC_SL1500_.jpg,https://amzn.to/3zUfDjp
"Deluxe Hot Sauce Making Kit, 3 Varieties of Chili Peppers",Popular,https://m.media-amazon.com/images/I/91xwQ5TwmFL._SL1500_.jpg,https://amzn.to/3w46unq
Tequila Shot Board Serving Tray,Popular,https://m.media-amazon.com/images/I/71kSKSS1a4L._AC_SL1500_.jpg,https://amzn.to/3dqznnk
Women's Bath Robe,Popular,https://cdn11.bigcommerce.com/s-8b73zdbehb/images/stencil/1280x1280/attribute_rule_images/26050450_source_1660493425.jpg,https://amzn.to/3C4Y4Qt
Shark Blow Dryer HyperAIR Fast-Drying,Popular,https://m.media-amazon.com/images/I/7163BFwAEEL._AC_SL1500_.jpg,https://amzn.to/3pePyH7
Spa Gift Baskets for Women,Popular,https://m.media-amazon.com/images/I/91lAANJPeyL._SL1500_.jpg,https://amzn.to/3w3CsAl
"JBL, Waterproof Portable Bluetooth Speaker",Popular,https://m.media-amazon.com/images/I/71a9et6hgUL._AC_SL1200_.jpg,https://amzn.to/3w3CsAl
Ray-Ban Aviator Classic,Popular,https://images.ray-ban.com/is/image/RayBan/805289114567__002.png?impolicy=RB_RB_FBShare,https://amzn.to/3pjdZD6
Powerbeats Pro Wireless Earphones,Popular,https://m.media-amazon.com/images/I/61oupXZONCL._AC_SL1500_.jpg,https://amzn.to/3AkT9cQ
Beats Studio Buds – True Wireless Noise Cancelling Earbuds,Popular,https://m.media-amazon.com/images/I/51bRSWrEc7S._AC_SL1500_.jpg,https://amzn.to/3QE0xp0
Beats Solo3 Wireless On-Ear Headphones,Popular,https://m.media-amazon.com/images/I/51QxA-98Q+L._AC_SL1000_.jpg,https://amzn.to/3bUJzUI
Fossil Men's Grant Stainless Steel Quartz Chronograph Watch,Popular,"https://hips.hearstapps.com/vader-prod.s3.amazonaws.com/1655301356-grant-quartz-stainless-steel-and-leather-chronograph-watch-1655301338.jpg?crop=1xw:1xh;center,top&resize=768:*",https://amzn.to/3STAH2b
100% Bamboo Bed Sheet Cooling Set,Popular,https://m.media-amazon.com/images/I/61I6Qp-I9CL._AC_SL1500_.jpg,https://amzn.to/3pfpI5M
Mixology Bartender Kit: 10-Piece Bar Set,Popular,https://m.media-amazon.com/images/I/91BUOQOH8dL._AC_SL1500_.jpg,https://amzn.to/3diUW9d
"MANSCAPED™ Electric Groin Hair Trimmer, The Lawn Mower™ 3.0",Popular,https://m.media-amazon.com/images/I/61BJVOWR0hS._SL1500_.jpg,https://amzn.to/3Ptm9Dr
,,,
Musical Pop Up Birthday Card,Popular Birthday Cards,https://m.media-amazon.com/images/I/81cgcuOnnZL._AC_SL1500_.jpg,https://amzn.to/3A89QIj
Seashell Birthday Cake,Popular Birthday Cards,https://m.media-amazon.com/images/I/91WxM4HBx8L._AC_SL1500_.jpg,https://amzn.to/3vQWaz1
24 Birthday Card with Envelopes,Popular Birthday Cards,https://m.media-amazon.com/images/I/8128K8Y1a0L._AC_SL1500_.jpg,https://amzn.to/3JUOy4j
3D Pop Up Birthday Cards,Popular Birthday Cards,https://m.media-amazon.com/images/I/71J90ejzcFL._AC_SL1500_.jpg,https://amzn.to/3JOK6Uz
Papyrus Birthday Card for Her,Popular Birthday Cards,https://m.media-amazon.com/images/I/91MaxCLVD7L._AC_SL1500_.jpg,https://amzn.to/3JOxq06
Beach Birthday Card,Popular Birthday Cards,https://m.media-amazon.com/images/I/91GHH0iYUNL._AC_SL1500_.jpg,https://amzn.to/3SLVsNa
CupCake Birthday Card,Popular Birthday Cards,https://m.media-amazon.com/images/I/81IY3OaASSL._AC_SL1500_.jpg,https://amzn.to/3QhBQiA
Pop Up Birthday Card,Popular Birthday Cards,https://m.media-amazon.com/images/I/913aCNjhoJL._AC_SL1500_.jpg,https://amzn.to/3SIcYly
,,,
Will Smith Slaps Birthday,Funny Birthday Cards,https://images-na.ssl-images-amazon.com/images/I/71UP7rGoK6L.__AC_SX300_SY300_QL70_FMwebp_.jpg,https://amzn.to/3QiV1bA
Donald Trump Pop-Up Birthday Card,Funny Birthday Cards,https://m.media-amazon.com/images/I/71cMKSdl0KL._AC_SL1500_.jpg,https://www.amazon.com/Sleazy-Greetings-Funny-Birthday-Women/dp/B09WZJVVHK/ref=sr_1_9?crid=2YNPZHEN8V1YZ&keywords=birthday&qid=1660002978&sprefix=birthday%2Caps%2C128&sr=8-9?&linkCode=ll2&tag=wg2022-20
Michael Scott Birthday,Funny Birthday Cards,https://m.media-amazon.com/images/I/716+0aLadBS._AC_SL1500_.jpg,https://amzn.to/3QjuQS4
3D Cat Farting Confetti,Funny Birthday Cards,https://m.media-amazon.com/images/I/71PBh+c9+VL._AC_SL1500_.jpg,https://amzn.to/3JR42Gr
I Am Not Saying You Are Old...,Funny Birthday Cards,https://m.media-amazon.com/images/I/614wslJheOS._AC_SL1500_.jpg,https://amzn.to/3dpkyBu
Stiff Joints,Funny Birthday Cards,https://m.media-amazon.com/images/I/61wYCPUOf6L._AC_SL1500_.jpg,https://amzn.to/3PlrMDI
Middle Finger Cat,Funny Birthday Cards,https://m.media-amazon.com/images/I/61dFjskIzNL._AC_SL1500_.jpg,https://amzn.to/3PcW4sd
Joe Forgets Speech,Funny Birthday Cards,https://m.media-amazon.com/images/I/71EOJkFfKTL._AC_SL1500_.jpg,https://amzn.to/3JOWW5p
,,,
24 Christmas Cards,Christmas Cards,https://m.media-amazon.com/images/I/81owVjUpfWL._AC_SL1500_.jpg,https://amzn.to/3pbicss
20 Christmas Cards,Christmas Cards,https://m.media-amazon.com/images/I/919-Y4gXQCL._AC_SL1500_.jpg,https://amzn.to/3AdzUSv
Merry Christmas- 16 Holiday Cards,Christmas Cards,https://m.media-amazon.com/images/I/81ux3lQGPkL._AC_SL1500_.jpg,https://amzn.to/3zS3P1g
Pop Up Snoopy's Dog House,Christmas Cards,https://m.media-amazon.com/images/I/81XQAcA11lL._AC_SL1500_.jpg,https://amzn.to/3Qk15kk
The Inn at Christmas - 15 Cards,Christmas Cards,https://m.media-amazon.com/images/I/71zG6+XywKL._AC_SL1200_.jpg,https://amzn.to/3QkvOO7
24 Christmas Cards with Envelopes,Christmas Cards,https://m.media-amazon.com/images/I/71Yn5b3JO6L._AC_SL1500_.jpg,https://amzn.to/3QjPNwg
120 Sets Christmas Cards,Christmas Cards,https://m.media-amazon.com/images/I/71eian-aoZL._AC_SL1000_.jpg,https://amzn.to/3JTEN6E
"Christmas Cards, Church Blessings (40 Cards and 40 Envelopes)",Christmas Cards,https://m.media-amazon.com/images/I/71nMIiKHu6L._AC_SL1500_.jpg,https://amzn.to/3JTEN6E
,,,
Pop Up Valentine's Day,Valantines Day Cards,https://m.media-amazon.com/images/I/71Hx1LWikgL._AC_SL1500_.jpg,https://amzn.to/3QEPkET
Couple's Valentine's Day,Valantines Day Cards,https://m.media-amazon.com/images/I/91WE7PW8dXL._AC_SL1500_.jpg,https://amzn.to/3zOBiK2
3D Pop Up Card,Valantines Day Cards,https://m.media-amazon.com/images/I/71NBJaCJ55L._AC_SL1500_.jpg,https://amzn.to/3JXQkSo
"Pikachu, I Choose You",Valantines Day Cards,https://m.media-amazon.com/images/I/91GC82S3HAL._AC_SL1500_.jpg,https://amzn.to/3zP2oAJ
Signature Valentines Day Card,Valantines Day Cards,https://m.media-amazon.com/images/I/81Ge8J-wLQL._AC_SL1500_.jpg,https://amzn.to/3dlzccR
Pop Up Rose,Valantines Day Cards,https://m.media-amazon.com/images/I/71GNhkSv0fL._AC_SL1500_.jpg,https://amzn.to/3QBQ0L2
Man Who Has My Heart,Valantines Day Cards,https://m.media-amazon.com/images/I/71VYxzsBAEL._AC_SL1500_.jpg,https://amzn.to/3zSZj2r
Cupcake and Sprinkles,Valantines Day Cards,https://m.media-amazon.com/images/I/81IWnpAvfUL._AC_SL1500_.jpg,https://amzn.to/3C1QJ49
,,,
Pop Up Mother's Day,Mothers Day Cards,https://m.media-amazon.com/images/I/71Hx1LWikgL._AC_SL1500_.jpg,https://amzn.to/3QEPkET
3D Pop Up Card,Mothers Day Cards,https://m.media-amazon.com/images/I/71NBJaCJ55L._AC_SL1500_.jpg,https://amzn.to/3JXQkSo
Hallmark Signature Mother's Day Card,Mothers Day Cards,https://m.media-amazon.com/images/I/81kuAmgPOgL._AC_SL1500_.jpg,https://amzn.to/3A9gFIL
Pop up Mother's Day,Mothers Day Cards,https://m.media-amazon.com/images/I/91RSXpIDzlL._AC_SL1500_.jpg,https://amzn.to/3JNXR66
Hallmark Signature Mother's Day Card,Mothers Day Cards,https://m.media-amazon.com/images/I/91Xk0V3plCL._AC_SL1500_.jpg,https://amzn.to/3PfRuJS
Hallmark Signature Mothers Day Card,Mothers Day Cards,https://m.media-amazon.com/images/I/81yqDi4cD7L._AC_SL1500_.jpg,https://amzn.to/3pgnLWB
With Love To You,Mothers Day Cards,https://m.media-amazon.com/images/I/81zse-YG5dL._AC_SL1500_.jpg,https://amzn.to/3QI0WGY
Gold Foil Lettering Printed on Multicolored Floral White Textured,Mothers Day Cards,https://m.media-amazon.com/images/I/815f+RQlfhL._AC_SL1500_.jpg,https://amzn.to/3zQSs9P
,,,
World's Best Dad,Fathers Day Cards,https://m.media-amazon.com/images/I/81VtLEQ7OgL._AC_SL1500_.jpg,https://amzn.to/3K2iImt
Father's Day Fun and Relaxation,Fathers Day Cards,https://m.media-amazon.com/images/I/A1C72T8RsKL._AC_SL1500_.jpg,https://amzn.to/3dqR0n6
"Happy Fathers Day Pop Up Card, #1 Dad Toolbox",Fathers Day Cards,https://m.media-amazon.com/images/I/81HyCcD2h5L._AC_SL1500_.jpg,https://amzn.to/3pipxXe
A Great Dad Makes All The Difference,Fathers Day Cards,https://m.media-amazon.com/images/I/91Zw1vGS40L._AC_SL1500_.jpg,https://amzn.to/3QFhgZ8
"Vintage Classic Car, Don't Make 'Em Like You Anymore",Fathers Day Cards,https://m.media-amazon.com/images/I/712P6OnazPL._AC_SL1500_.jpg,https://amzn.to/3PjzJJD
Funny Trump Father's Day,Fathers Day Cards,https://m.media-amazon.com/images/I/81P+Cq7CTTL._AC_SL1500_.jpg,https://amzn.to/3QmAxyU
You're The Rarest To Them All,Fathers Day Cards,https://m.media-amazon.com/images/I/614tNZQQltL._AC_SL1177_.jpg,https://amzn.to/3SOW6cT
Hallmark Star Wars Father's Day Card,Fathers Day Cards,https://m.media-amazon.com/images/I/81I39T5GVyL._AC_SL1500_.jpg,https://amzn.to/3bQtgbq
,,,
Yankee Candle,Gifts for Her,https://m.media-amazon.com/images/I/71z2PlQB88L._AC_SX679_.jpg,https://amzn.to/3p3J1Pj
Yeti Tumblers,Gifts for Her,https://cdn11.bigcommerce.com/s-6rtev5owwo/images/stencil/500x659/products/233033/180686/yeti-20__09843.1558338420.jpg?c=2,https://amzn.to/3dh46TC
AirPods Pro,Gifts for Her,https://m.media-amazon.com/images/I/71bhWgQK-cL._AC_SX679_.jpg,https://amzn.to/3SCu9F9
Spa Gift Baskets for Women,Gifts for Her,https://m.media-amazon.com/images/I/91lAANJPeyL._SL1500_.jpg,https://amzn.to/3bVDPdq
100% Bamboo Bed Sheet Cooling Set,Gifts for Her,https://m.media-amazon.com/images/I/61I6Qp-I9CL._AC_SL1500_.jpg,https://amzn.to/3w3CsAl
Facial Beauty Roller Skin Care Tools,Gifts for Her,https://m.media-amazon.com/images/I/61pew7OeBXL._SL1100_.jpg,https://amzn.to/3pfpI5M
15 Pieces Kitchen Knife Sets with Built-in Sharpener,Gifts for Her,https://m.media-amazon.com/images/I/7175ph1caRL._AC_SL1500_.jpg,https://amzn.to/3Ppztcf
Ninja AF101 Air Fryer,Gifts for Her,https://m.media-amazon.com/images/I/71+8uTMDRFL._AC_SL1500_.jpg,https://amzn.to/3AigIDc
Women's Bath Robe,Gifts for Her,https://cdn11.bigcommerce.com/s-8b73zdbehb/images/stencil/1280x1280/attribute_rule_images/26050450_source_1660493425.jpg,https://amzn.to/3C4Y4Qt
Shark Blow Dryer HyperAIR Fast-Drying,Gifts for Her,https://m.media-amazon.com/images/I/7163BFwAEEL._AC_SL1500_.jpg,https://amzn.to/3pePyH7
UGG Women's Scuffette Ii Slipper,Gifts for Her,"https://hips.hearstapps.com/vader-prod.s3.amazonaws.com/1570821480-ugg-scuffette-ii-slipper-1570821473.jpg?crop=1xw:1xh;center,top&resize=768:*",https://amzn.to/3poS3X6
Sea Turtle Stemless Wine Glass,Gifts for Her,https://m.media-amazon.com/images/I/71AMDyIuv1L._SL1500_.jpg,https://amzn.to/3C64EWL
10 Pieces Gardening Tool Set,Gifts for Her,https://m.media-amazon.com/images/I/7140PbBjbCL._AC_SL1000_.jpg,https://amzn.to/3Pj3CKh
Life is Good Hat,Gifts for Her,https://m.media-amazon.com/images/I/71hiwB2S5VS._AC_SL1500_.jpg,https://amzn.to/3zYohxy
Relaxing Spa Gift Box Baskett,Gifts for Her,https://m.media-amazon.com/images/I/71JDivtz3UL._AC_SL1500_.jpg,https://amzn.to/3PiKb48
Badass Affirmations: The Wit and Wisdom of Wild Women,Gifts for Her,https://images-na.ssl-images-amazon.com/images/I/61bIx1-VWRL.jpg,https://amzn.to/3zPajOc
"Eye Massager with Heat, Bluetooth Music",Gifts for Her,https://m.media-amazon.com/images/I/613XDRgVJKL._AC_SL1500_.jpg,https://amzn.to/3QIoqvD
Back Shoulder and Neck Massager with Heat - Deep Tissue,Gifts for Her,https://m.media-amazon.com/images/I/817IyKcsROL._AC_SL1500_.jpg,https://amzn.to/3QKHMAs
Apple Watch Series 6,Gifts for Her,https://m.media-amazon.com/images/I/71aLryIN+ZL._AC_SL1500_.jpg,https://amzn.to/3w0ZJ5R
Michael Kors Handbag,Gifts for Her,https://michaelkors.scene7.com/is/image/MichaelKors/35F0GTVT9L-7278_1?wid=558&hei=748&op_sharpen=1&resMode=sharp2&qlt=90,https://amzn.to/3QGRdkg
,,,
Yeti Tumblers,Gifts for Him,https://cdn11.bigcommerce.com/s-6rtev5owwo/images/stencil/500x659/products/233033/180686/yeti-20__09843.1558338420.jpg?c=2,https://amzn.to/3dh46TC
AirPods Pro,Gifts for Him,https://m.media-amazon.com/images/I/71bhWgQK-cL._AC_SX679_.jpg,https://amzn.to/3SCu9F9
DIY Kit for Homemade Whisky Flavor,Gifts for Him,https://m.media-amazon.com/images/I/81toZVZm+6L._AC_SL1500_.jpg,https://amzn.to/3QJ6JMr
Apple Watch Series 6,Gifts for Him,https://m.media-amazon.com/images/I/71PXusfITyL._AC_SL1500_.jpg,https://amzn.to/3zVeyrM
"Wireless Charger Stand, CIYOYO 3 in 1 Fast Wireless",Gifts for Him,https://m.media-amazon.com/images/I/610tXrWYlnL._AC_SL1500_.jpg,https://amzn.to/3diUW9d
"Deluxe Hot Sauce Making Kit, 3 Varieties of Chili Peppers",Gifts for Him,https://m.media-amazon.com/images/I/91xwQ5TwmFL._SL1500_.jpg,https://amzn.to/3Ptm9Dr
"JBL, Waterproof Portable Bluetooth Speaker",Gifts for Him,https://m.media-amazon.com/images/I/71a9et6hgUL._AC_SL1200_.jpg,https://amzn.to/3AkT9cQ
Ray-Ban Aviator Classic,Gifts for Him,https://images.ray-ban.com/is/image/RayBan/805289114567__002.png?impolicy=RB_RB_FBShare,https://amzn.to/3QE0xp0
Powerbeats Pro Wireless Earphones,Gifts for Him,https://m.media-amazon.com/images/I/61oupXZONCL._AC_SL1500_.jpg,https://amzn.to/3bUJzUI
Beats Studio Buds – True Wireless Noise Cancelling Earbuds,Gifts for Him,https://m.media-amazon.com/images/I/51bRSWrEc7S._AC_SL1500_.jpg,https://amzn.to/3STAH2b
Beats Solo3 Wireless On-Ear Headphones,Gifts for Him,https://m.media-amazon.com/images/I/51QxA-98Q+L._AC_SL1000_.jpg,https://amzn.to/3w3CsAl
Fossil Men's Grant Stainless Steel Quartz Chronograph Watch,Gifts for Him,"https://hips.hearstapps.com/vader-prod.s3.amazonaws.com/1655301356-grant-quartz-stainless-steel-and-leather-chronograph-watch-1655301338.jpg?crop=1xw:1xh;center,top&resize=768:*",https://amzn.to/3pjdZD6
Mixology Bartender Kit: 10-Piece Bar Set,Gifts for Him,https://m.media-amazon.com/images/I/91BUOQOH8dL._AC_SL1500_.jpg,https://amzn.to/3zUfDjp
"MANSCAPED™ Electric Groin Hair Trimmer, The Lawn Mower™ 3.0",Gifts for Him,https://m.media-amazon.com/images/I/61BJVOWR0hS._SL1500_.jpg,https://amzn.to/3w46unq
JOOLA Ben Johns Hyperion Pickleball Paddle,Gifts for Him,https://m.media-amazon.com/images/I/41-d6zVQuAL._AC_SL1200_.jpg,https://amzn.to/3w46unq
,,,
Mini Portable Compact Personal Fridge Cooler,Gifts for Kids,https://m.media-amazon.com/images/I/51mkl3m98WL._AC_SL1024_.jpg,https://amzn.to/3psNmvu
Razor A3 Kick Scooter for Kids,Gifts for Kids,https://m.media-amazon.com/images/I/71r4iiElApL._AC_SL1500_.jpg,https://amzn.to/3A0OSdj
Lazer Tag Sets with Gun and Vest Set of 4,Gifts for Kids,https://m.media-amazon.com/images/I/81ueVE5LLHL._AC_SL1500_.jpg,https://amzn.to/3QOw4od
Graphite Pickleball Paddles Set of 2 Pickleball,Gifts for Kids,https://m.media-amazon.com/images/I/81L7lfMyThL._AC_SL1500_.jpg,https://amzn.to/3Aq6SiG
3D Printing Pen with Display,Gifts for Kids,https://m.media-amazon.com/images/I/811AHyWzacS._SL1500_.jpg,https://amzn.to/3AqXyLu
Trains - Digital Commander,Gifts for Kids,https://m.media-amazon.com/images/I/61gmdoteq-L._AC_SL1020_.jpg,https://amzn.to/3pmX5Ui
"Wooden Train Set with Bulldozer, Working Crane",Gifts for Kids,https://m.media-amazon.com/images/I/71QwDZNFP6L._AC_SL1500_.jpg,https://amzn.to/3PpnYl2
Razor Dirt Rocket Electric Motocross,Gifts for Kids,https://m.media-amazon.com/images/I/61up06aDn5S._AC_SL1000_.jpg,https://amzn.to/3A0OSdj
Electric Scooter Up to 19 MPH,Gifts for Kids,https://m.media-amazon.com/images/I/61zGHGgQNBL._AC_SL1500_.jpg,https://amzn.to/3K8xasX
Adidas Starlancer V Club Soccer Ball,Gifts for Kids,https://m.media-amazon.com/images/I/61qKakBk3KL._AC_UX569_.jpg,https://amzn.to/3AsTiee
WILSON NFL MVP Football,Gifts for Kids,https://m.media-amazon.com/images/I/81C0hqyv2RL._AC_SL1500_.jpg,https://amzn.to/3SV5OdL
Star Wars The Vintage Collection,Gifts for Kids,https://m.media-amazon.com/images/I/61sSdiq5H9L._AC_SL1500_.jpg,https://amzn.to/3QyCZlP
Funko Pop! Star Wars: The Mandalorian,Gifts for Kids,https://m.media-amazon.com/images/I/5176rALHhgS._AC_SL1300_.jpg,https://amzn.to/3KgwAcV
Star Wars The Mandalorian Galactic Snackin' Grogu,Gifts for Kids,https://m.media-amazon.com/images/I/81YCd-7ryfL._AC_SL1500_.jpg,https://amzn.to/3bWEAmE
Star Wars Sticker Set,Gifts for Kids,https://m.media-amazon.com/images/I/81TGRmJBNWL._AC_SL1500_.jpg,https://amzn.to/3K3q6Od
Dueling Light Sabers Smooth Swing FX Light Saber,Gifts for Kids,https://m.media-amazon.com/images/I/616UY3KNfOL._AC_SL1500_.jpg,https://amzn.to/3SVHFnq
LEGO Star Wars Luke Skywalker’s X-Wing Fighter,Gifts for Kids,https://m.media-amazon.com/images/I/81mqoxJpMmL._AC_SL1500_.jpg,https://amzn.to/3AqRMJQ
LEGO Star Wars R2-D2,Gifts for Kids,https://m.media-amazon.com/images/I/818WPFB6+US._AC_SL1500_.jpg,https://amzn.to/3c3uy32
Cat Ear Led Light Up Kids,Gifts for Kids,https://m.media-amazon.com/images/I/61Wif7MaeLS._AC_SL1500_.jpg,https://amzn.to/3Auq1jF
Apple iPhone 13,Gifts for Kids,https://m.media-amazon.com/images/I/71xb2xkN5qL._FMwebp__.jpg,https://amzn.to/3A5qkzH
PlayStation 5 Console,Gifts for Kids,https://m.media-amazon.com/images/I/51051FiD9UL._SL1456_.jpg,https://amzn.to/3Qzf7yo
Xbox Series S – Fortnite & Rocket League Bundle,Gifts for Kids,https://m.media-amazon.com/images/I/71ImGywfeQL._SL1314_.jpg,https://amzn.to/3CcF0jj
LEGO Technic McLaren Senna,Gifts for Kids,https://m.media-amazon.com/images/I/81pR37w6HiL._AC_SL1500_.jpg,https://amzn.to/3pnYNVx
LEGO Technic Monster Jam Grave Digger,Gifts for Kids,https://m.media-amazon.com/images/I/81gMn-VVTsL._AC_SL1500_.jpg,https://amzn.to/3bZTyZ1
Hot Wheels 5-Pack Bundle of 15 Toy Cars,Gifts for Kids,https://m.media-amazon.com/images/I/912PnnPGpkL._AC_SL1500_.jpg,https://amzn.to/3PAE1MS
2021 Fast & Furious Fast,Gifts for Kids,https://m.media-amazon.com/images/I/711aM1r6LxS._AC_SL1200_.jpg,https://amzn.to/3PAE1MS
2021 Fast & Furious Fast,Gifts for Kids,https://m.media-amazon.com/images/I/718qmfECwSS._AC_SL1500_.jpg,https://amzn.to/3PxvSsH
Hot Wheels Corkscrew Crash Track with Motorized Boosters,Gifts for Kids,https://m.media-amazon.com/images/I/71O0bzTix2L._AC_SL1500_.jpg,https://amzn.to/3C9JPKg
Toy Gun for Nerf Guns Automatic Sniper Rifle,Gifts for Kids,https://m.media-amazon.com/images/I/71h0temseKL._AC_SL1500_.jpg,https://amzn.to/3A0SRXb
NERF Fortnite Compact SMG Motorized Blaster,Gifts for Kids,https://m.media-amazon.com/images/I/714IoWUkDOL._AC_SL1500_.jpg,https://amzn.to/3Askdqx
NERF Disruptor Elite Blaster,Gifts for Kids,https://m.media-amazon.com/images/I/71ePN1TIO2L._AC_SL1500_.jpg,https://amzn.to/3Qzg6i4
High-Speed Slot Car Race Track Playset,Gifts for Kids,https://m.media-amazon.com/images/I/710wvN7p-NL._AC_SL1500_.jpg,https://amzn.to/3PE8NVm
Super Mario Maker 2,Gifts for Kids,https://m.media-amazon.com/images/I/71GmP29XuYL._SL1500_.jpg,https://amzn.to/3JZvUZd
Mario Kart 8 Deluxe,Gifts for Kids,https://m.media-amazon.com/images/I/81ug7V-li4L._SL1500_.jpg,https://amzn.to/3PtQWQz
Nintendo Switch with Neon Blue and Neon Red,Gifts for Kids,https://m.media-amazon.com/images/I/61-PblYntsL._AC_SL1500_.jpg,https://amzn.to/3PtR3LZ
Super Smash Bros.,Gifts for Kids,https://m.media-amazon.com/images/I/810wFm-lJBL._SL1500_.jpg,https://amzn.to/3PqgPB3
White Wave Bamboo Longboard Skateboard,Gifts for Kids,https://m.media-amazon.com/images/I/71Y1M+-1YNL._AC_SL1500_.jpg,https://amzn.to/3QRdr37
Electric Skateboard with Remote Control Hub Motors,Gifts for Kids,https://m.media-amazon.com/images/I/61ZfA6wiaVS._AC_SL1500_.jpg,https://amzn.to/3QRdr37
LEGO Star Wars OBI-Wan Kenobi’s Jedi Starfighter,Gifts for Kids,https://m.media-amazon.com/images/I/81dsPG1JP0L._AC_SL1500_.jpg,https://amzn.to/3QRWHc8
CRAVEBOX Snack Box Variety Pack Care Package (45 Count),Gifts for Kids,https://m.media-amazon.com/images/I/91ukoCto82L._SL1500_.jpg,https://amzn.to/3SZXsll
LEGO Creator 3in1 Supersonic-Jet,Gifts for Kids,https://m.media-amazon.com/images/I/81xTIe3hMML._AC_SL1500_.jpg,https://amzn.to/3c5lKth
,,,
"Benchmark Bouquets Big Blooms, With Vase (Fresh Cut Flowers)",Valantines Day Gifts,https://m.media-amazon.com/images/I/81NAz+DR+wL._SL1500_.jpg,https://amzn.to/3bYsvgL
"Benchmark Bouquets Pink Roses and White Lilies, With Vase",Valantines Day Gifts,https://m.media-amazon.com/images/I/81qGuRXSSWL._SL1500_.jpg,https://amzn.to/3Cfrpb0
"Benchmark Bouquets Signature Roses and Alstroemeria, With Vase",Valantines Day Gifts,https://m.media-amazon.com/images/I/81CQM3ekF4L._SL1500_.jpg,https://amzn.to/3ChXsHh
Genuine Roses that Last for Years,Valantines Day Gifts,https://m.media-amazon.com/images/I/517HBa2V46L._AC_SL1000_.jpg,https://amzn.to/3Av2gIc
"Orchid, 5"", Pink",Valantines Day Gifts,https://m.media-amazon.com/images/I/715wAgkszVS._AC_SL1500_.jpg,https://amzn.to/3ArNtho
"Orchid, 5"", White",Valantines Day Gifts,https://m.media-amazon.com/images/I/61dy8DMWapL._AC_SL1500_.jpg,https://amzn.to/3AbiZiq
Godiva Chocolatier Chocolate,Valantines Day Gifts,https://m.media-amazon.com/images/I/619x4qh5MzL._SL1100_.jpg,https://amzn.to/3c15nhz
REESE'S PIECES Peanut Butter Candye,Valantines Day Gifts,https://m.media-amazon.com/images/I/71WWtR0hU6L._SL1500_.jpg,https://amzn.to/3dsm45I
Chocolate Covered Cookie Gift - 20 Pcs - Gourmet Cookies,Valantines Day Gifts,https://m.media-amazon.com/images/I/71DwbTKBYGL._SL1500_.jpg,https://amzn.to/3PxrjhY
Mixology Bartender Kit: 10-Piece Bar Tool Set,Valantines Day Gifts,https://m.media-amazon.com/images/I/91dVLSSx4nL._AC_SL1500_.jpg,https://amzn.to/3PBpfW6
Old Fashioned Whiskey Glasses (Set of 6),Valantines Day Gifts,https://m.media-amazon.com/images/I/619PzpGEqZL._AC_SL1080_.jpg,https://amzn.to/3QVGVg7
Yankee Candle,Valantines Day Gifts,https://m.media-amazon.com/images/I/71z2PlQB88L._AC_SX679_.jpg,https://amzn.to/3p3J1Pj
Spa Gift Baskets for Women,Valantines Day Gifts,https://m.media-amazon.com/images/I/91lAANJPeyL._SL1500_.jpg,https://amzn.to/3w3CsAl
Sea Turtle Stemless Wine Glass,Valantines Day Gifts,https://m.media-amazon.com/images/I/71AMDyIuv1L._SL1500_.jpg,https://amzn.to/3C64EWL
Relaxing Spa Gift Box Baskett,Valantines Day Gifts,https://m.media-amazon.com/images/I/71JDivtz3UL._AC_SL1500_.jpg,https://amzn.to/3PiKb48
"Wireless Charger Stand, CIYOYO 3 in 1 Fast Wireless",Valantines Day Gifts,https://m.media-amazon.com/images/I/610tXrWYlnL._AC_SL1500_.jpg,https://amzn.to/3zUfDjp
Fossil Men's Grant Stainless Steel Quartz Chronograph Watch,Valantines Day Gifts,"https://hips.hearstapps.com/vader-prod.s3.amazonaws.com/1655301356-grant-quartz-stainless-steel-and-leather-chronograph-watch-1655301338.jpg?crop=1xw:1xh;center,top&resize=768:*",https://amzn.to/3STAH2b
Hugo Boss BOTTLED Eau de Toilettev - Men,Valantines Day Gifts,https://m.media-amazon.com/images/I/51sc80QOemL._SL1081_.jpg,https://amzn.to/3c1caaW
Dior - Sauvage - Men,Valantines Day Gifts,https://m.media-amazon.com/images/I/61E6c+sHnQS._SL1500_.jpg,https://amzn.to/3QrCxWx
GIORGIO ARMANI Acqua Di Gio - Men,Valantines Day Gifts,https://m.media-amazon.com/images/I/61goqH1rBgL._SL1500_.jpg,https://amzn.to/3SRNn9Q
Versace Versace Eros - Men,Valantines Day Gifts,https://m.media-amazon.com/images/I/81bTqXRbzPL._SL1500_.jpg,https://amzn.to/3AEXeZP
Massage Gun Deep Tissue,Valantines Day Gifts,https://m.media-amazon.com/images/I/71VAyOpQDSL._AC_SL1500_.jpg,https://amzn.to/3SX2aQB
,,,
"Benchmark Bouquets Big Blooms, With Vase (Fresh Cut Flowers)",Mothers Day Gifts,https://m.media-amazon.com/images/I/81NAz+DR+wL._SL1500_.jpg,https://amzn.to/3bYsvgL
"Benchmark Bouquets Pink Roses and White Lilies, With Vase",Mothers Day Gifts,https://m.media-amazon.com/images/I/81qGuRXSSWL._SL1500_.jpg,https://amzn.to/3Cfrpb0
"Benchmark Bouquets Signature Roses and Alstroemeria, With Vase",Mothers Day Gifts,https://m.media-amazon.com/images/I/81CQM3ekF4L._SL1500_.jpg,https://amzn.to/3ChXsHh
Genuine Roses that Last for Years,Mothers Day Gifts,https://m.media-amazon.com/images/I/517HBa2V46L._AC_SL1000_.jpg,https://amzn.to/3Av2gIc
"Orchid, 5"", Pink",Mothers Day Gifts,https://m.media-amazon.com/images/I/715wAgkszVS._AC_SL1500_.jpg,https://amzn.to/3ArNtho
"Orchid, 5"", White",Mothers Day Gifts,https://m.media-amazon.com/images/I/61dy8DMWapL._AC_SL1500_.jpg,https://amzn.to/3AbiZiq
Godiva Chocolatier Chocolate,Mothers Day Gifts,https://m.media-amazon.com/images/I/619x4qh5MzL._SL1100_.jpg,https://amzn.to/3c15nhz
REESE'S PIECES Peanut Butter Candye,Mothers Day Gifts,https://m.media-amazon.com/images/I/71WWtR0hU6L._SL1500_.jpg,https://amzn.to/3dsm45I
Chocolate Covered Cookie Gift - 20 Pcs - Gourmet Cookies,Mothers Day Gifts,https://m.media-amazon.com/images/I/71DwbTKBYGL._SL1500_.jpg,https://amzn.to/3PxrjhY
Yankee Candle,Mothers Day Gifts,https://m.media-amazon.com/images/I/71z2PlQB88L._AC_SX679_.jpg,https://amzn.to/3p3J1Pj
Spa Gift Baskets for Women,Mothers Day Gifts,https://m.media-amazon.com/images/I/91lAANJPeyL._SL1500_.jpg,https://amzn.to/3w3CsAl
Sea Turtle Stemless Wine Glass,Mothers Day Gifts,https://m.media-amazon.com/images/I/71AMDyIuv1L._SL1500_.jpg,https://amzn.to/3C64EWL
Relaxing Spa Gift Box Baskett,Mothers Day Gifts,https://m.media-amazon.com/images/I/71JDivtz3UL._AC_SL1500_.jpg,https://amzn.to/3PiKb48
,,,
Wild Duck,Pet Gifts,https://m.media-amazon.com/images/I/71hIJmLxjXL._AC_SL1500_.jpg,https://amzn.to/3pr6Bpc
Alligator,Pet Gifts,https://m.media-amazon.com/images/I/61omT0F-tWL._AC_SL1500_.jpg,https://amzn.to/3K4o7ZV
Hedgehogz Squeaky Dog Toy,Pet Gifts,https://m.media-amazon.com/images/I/71LvfZVO11L._AC_SL1500_.jpg,https://amzn.to/3SXAZFs
Chuckit! Ultra Ball,Pet Gifts,https://m.media-amazon.com/images/I/81an+TQ0ouL._AC_SL1500_.jpg,https://amzn.to/3CeV3wY
Octopus,Pet Gifts,https://m.media-amazon.com/images/I/71UanqBCT7L._AC_SL1500_.jpg,https://amzn.to/3SZOynW
Good'N'Fun Triple Flavored,Pet Gifts,https://m.media-amazon.com/images/I/815X9Vp4lVL._AC_SL1500_.jpg,https://amzn.to/3c7wFTy
Greenies Original Regular,Pet Gifts,https://m.media-amazon.com/images/I/81VEmhZ8Y7L._AC_SL1500_.jpg,https://amzn.to/3PzepA6
Milk-Bone Original,Pet Gifts,https://m.media-amazon.com/images/I/91MIYPd26AS._AC_SL1500_.jpg,https://amzn.to/3SZQhcU
"Laser Pointer,",Pet Gifts,https://m.media-amazon.com/images/I/61wVv2P7p6L._AC_SL1200_.jpg,https://amzn.to/3K5FZUd
"Spring Pet Toy with Exercise Balls,",Pet Gifts,https://m.media-amazon.com/images/I/715EiqpJ6XL._AC_SL1500_.jpg,https://amzn.to/3K7fdLh
"Mouse Play-N-Squeak,",Pet Gifts,https://m.media-amazon.com/images/I/61pYLohyY6L._AC_SL1500_.jpg,https://amzn.to/3Cb9Hp7
Catnap,Pet Gifts,https://m.media-amazon.com/images/I/61ev4BJcMsL._AC_SL1050_.jpg,https://amzn.to/3c4nMtG
Friskies Party Mix,Pet Gifts,https://m.media-amazon.com/images/I/81izEwHAFdL._AC_SL1500_.jpg,https://amzn.to/3K4RfR5
Temptations MixUps,Pet Gifts,https://m.media-amazon.com/images/I/812Dmhw3bkL._AC_SL1500_.jpg,https://amzn.to/3c4oXcA